keyword,reason
httpsd,low_df
oio,low_df
hope,low_df
attitudinal,low_df
octalysis,low_df
int,low_df
seed,low_df
cid,low_df
function,low_df
joanna,low_df
interview,low_df
river,low_df
cog,low_df
ijrel,low_df
beh,low_df
ese,low_df
dgbl,low_df
park,low_df
snyder,low_df
appendix,low_df
aff,low_df
as,stopword
correlation,low_df
discover,low_df
ahmadov,low_df
cation,low_df
educ,low_df
said,low_df
motivated,low_df
diagram,low_df
wójcik,low_df
świętoniowska,low_df
jakieła,low_df
goalsetting,low_df
mabalay,low_df
sci,low_df
instruction,low_df
huang,low_df
café,low_df
ranking,low_df
edu,low_df
httpsdoiorgj,low_df
happiness,low_df
koivisto,low_df
stream,low_df
jacek,low_df
plssem,low_df
clark,low_df
household,low_df
envision,low_df
cocreation,low_df
los,low_df
seriouscomputer,low_df
hassan,low_df
connect,low_df
strongly,low_df
cruz,low_df
para,low_df
instructional,low_df
knol,low_df
vries,low_df
fuel,low_df
curiosity,low_df
questionnaire,low_df
concrete,low_df
plano,low_df
monitor,low_df
ali,low_df
ave,low_df
reject,low_df
chou,low_df
accomplishment,low_df
metric,low_df
gbl,low_df
flood,low_df
harkerschuch,low_df
manufacturing,low_df
cluster,low_df
intend,low_df
desirable,low_df
cultivate,low_df
failure,low_df
zhang,low_df
emotionally,low_df
retained,low_df
coefficient,low_df
hsu,low_df
karimov,low_df
umbrella,low_df
scholarly,low_df
fossil,low_df
network,low_df
mobileappwith,low_df
comput,low_df
wiek,low_df
box,low_df
hypothesis,low_df
aubert,low_df
avoidance,low_df
sophisticated,low_df
cellina,low_df
expertise,low_df
generic,low_df
durst,low_df
advancement,low_df
sustainabil,low_df
discussing,low_df
der,low_df
gamifi,low_df
yan,low_df
instrument,low_df
improvinghousehold,low_df
energyconsumption,low_df
crossref,low_df
hopeful,low_df
tangible,low_df
ojala,low_df
desired,low_df
empathy,low_df
partial,low_df
sinatra,low_df
surgery,low_df
kamradt,low_df
wrong,low_df
alignment,low_df
eight,low_df
measurable,low_df
four,low_df
cultural,low_df
colearning,low_df
doio,low_df
twophase,low_df
mirka,low_df
saarela,low_df
started,low_df
inform,low_df
curriculum,low_df
gervich,low_df
physical,low_df
alternate,low_df
peerreviewed,low_df
strada,low_df
smart,low_df
plant,low_df
producing,low_df
saving,low_df
audience,low_df
sachs,low_df
contextual,low_df
selection,low_df
anger,low_df
square,low_df
cheng,low_df
shih,low_df
gee,low_df
enrolled,low_df
situated,low_df
happy,low_df
loading,low_df
nine,low_df
denzin,low_df
electricity,low_df
statistic,low_df
confident,low_df
gatti,low_df
vosviewer,low_df
avoid,low_df
working,low_df
hint,low_df
openended,low_df
soc,low_df
transdisciplinary,low_df
technol,low_df
correlated,low_df
rozwoju,low_df
oraz,low_df
для,low_df
tarlan,low_df
gerstlberger,low_df
mike,low_df
demonstrate,low_df
utilization,low_df
santos,low_df
nuanced,low_df
behavioural,low_df
haan,low_df
fernández,low_df
facilitated,low_df
notable,low_df
carbon,low_df
manshoven,low_df
gillabel,low_df
feltrero,low_df
intelligence,low_df
fernandez,low_df
adapted,low_df
arbuthnott,low_df
preparation,low_df
anticipatory,low_df
optimism,low_df
ultimately,low_df
strengthening,low_df
emergent,low_df
vision,low_df
perform,low_df
muenz,low_df
quasiexperimental,low_df
rigorous,low_df
validity,low_df
fair,low_df
equation,low_df
event,low_df
try,low_df
nordby,low_df
biswas,low_df
optimal,low_df
price,low_df
icon,low_df
smiley,low_df
sad,low_df
spent,low_df
believed,low_df
kind,low_df
wanted,low_df
little,low_df
already,low_df
residential,low_df
switch,low_df
page,low_df
affint,low_df
rosado,low_df
leaderboards,low_df
marque,low_df
wallius,low_df
compilation,low_df
occurrence,low_df
wemyss,low_df
varying,low_df
mylonas,low_df
codesign,low_df
lang,low_df
mapped,low_df
transforma,low_df
manager,low_df
curr,low_df
opin,low_df
osust,low_df
zrównoważonego,low_df
aprendizaje,low_df
educación,low_df
sostenibilidad,low_df
ayaz,low_df
susanne,low_df
wolfgang,low_df
wahl,low_df
tommi,low_df
tallinn,low_df
cited,low_df
changed,low_df
sys,low_df
tematic,low_df
cational,low_df
encompasses,low_df
staff,low_df
preservation,low_df
nurulasna,low_df
construction,low_df
boncu,low_df
voort,low_df
evolving,low_df
schneider,low_df
essokolo,low_df
robinot,low_df
expanded,low_df
michelin,low_df
casual,low_df
gustafsson,low_df
renewable,low_df
chain,low_df
devel,low_df
suggesting,low_df
thirdly,low_df
intersection,low_df
httporcidorg,low_df
disaster,low_df
nguyen,low_df
ecology,low_df
fabricatore,low_df
freedom,low_df
sipone,low_df
simul,low_df
fonseca,low_df
novak,low_df
inf,low_df
understood,low_df
morschheuser,low_df
recognize,low_df
helplessness,low_df
essential,low_df
adapt,low_df
reinforce,low_df
coverage,low_df
title,low_df
unclear,low_df
comparatively,low_df
inequality,low_df
strengthen,low_df
pfeiffer,low_df
influenced,low_df
teambased,low_df
alves,low_df
httpsdoiorgjcompedu,low_df
planner,low_df
katsaliaki,low_df
mustafee,low_df
harmful,low_df
cyberpet,low_df
reallife,low_df
assigned,low_df
embedded,low_df
bound,low_df
agree,low_df
ringle,low_df
start,low_df
benitez,low_df
interviewee,low_df
triangulation,low_df
realized,low_df
mindful,low_df
recycle,low_df
accept,low_df
lin,low_df
thousand,low_df
oak,low_df
sage,low_df
affordable,low_df
agrifood,low_df
gue,low_df
artificial,low_df
gained,low_df
blockchain,low_df
document,low_df
dataset,low_df
mahmud,low_df
independent,low_df
jheng,low_df
yao,low_df
interesting,low_df
customer,low_df
gamifying,low_df
csr,low_df
mohanty,low_df
discovering,low_df
suitability,low_df
visioning,low_df
cocreating,low_df
sect,low_df
cocreate,low_df
negotiation,low_df
trans,low_df
ecol,low_df
principal,low_df
marisa,low_df
possession,low_df
fredricks,low_df
rzecz,low_df
juegos,low_df
estudiantes,low_df
juego,low_df
franz,low_df
jyvaskyla,low_df
sweden,low_df
reykjavik,low_df
synthesizing,low_df
evident,low_df
efficient,low_df
organized,low_df
synthesis,low_df
summarized,low_df
recognized,low_df
infrastructure,low_df
demonstrated,low_df
ence,low_df
august,low_df
braun,low_df
initially,low_df
madani,low_df
proposing,low_df
marini,low_df
gerber,low_df
prominent,low_df
inspiring,low_df
genre,low_df
enhances,low_df
reinforcing,low_df
facilitates,low_df
simulating,low_df
executed,low_df
minimizing,low_df
agricultural,low_df
exposed,low_df
region,low_df
chemical,low_df
effec,low_df
connectivism,low_df
bifulco,low_df
hand,low_df
saituairibar,low_df
analyse,low_df
leveraging,low_df
professor,low_df
protocol,low_df
ferreira,low_df
orgsu,low_df
clustering,low_df
lesson,low_df
jain,low_df
formal,low_df
layer,low_df
tested,low_df
special,low_df
employee,low_df
centered,low_df
route,low_df
norm,low_df
osc,low_df
fewer,low_df
cultivating,low_df
achievable,low_df
grounded,low_df
lander,low_df
tend,low_df
prepare,low_df
mindset,low_df
vital,low_df
freire,low_df
leading,low_df
investment,low_df
writing,low_df
scalability,low_df
inherent,low_df
equally,low_df
poverty,low_df
depletion,low_df
missed,low_df
person,low_df
directly,low_df
zimmerman,low_df
locke,low_df
latham,low_df
kurokawa,low_df
draw,low_df
recurring,low_df
xiong,low_df
placing,low_df
rodríguez,low_df
workplace,low_df
frontier,low_df
family,low_df
big,low_df
tucker,low_df
troussas,low_df
compare,low_df
safe,low_df
respect,low_df
hong,low_df
liarakou,low_df
get,low_df
fish,low_df
served,low_df
wood,low_df
creswell,low_df
answered,low_df
sharing,low_df
completed,low_df
parameter,low_df
disagree,low_df
mga,low_df
predefined,low_df
explains,low_df
variance,low_df
interviewed,low_df
worked,low_df
predictive,low_df
liked,low_df
expressed,low_df
coal,low_df
news,low_df
went,low_df
chance,low_df
appeared,low_df
really,low_df
performing,low_df
friend,low_df
willingness,low_df
proved,low_df
talk,low_df
behint,low_df
realism,low_df
sverdrup,low_df
personalization,low_df
proaches,low_df
latino,low_df
rewarding,low_df
tourist,low_df
corporate,low_df
inspired,low_df
underlying,low_df
varies,low_df
vinuesa,low_df
seaborn,low_df
fels,low_df
lan,low_df
tive,low_df
buckley,low_df
doyle,low_df
sanchez,low_df
donath,low_df
intricate,low_df
thorough,low_df
erten,low_df
chu,low_df
casas,low_df
pioneered,low_df
iotbased,low_df
quantifiable,low_df
looking,low_df
ahead,low_df
journey,low_df
textile,low_df
clothing,low_df
satisfaction,low_df
doiorgsu,low_df
motlagh,low_df
kassel,low_df
coproduction,low_df
nevertheless,low_df
ethic,low_df
completing,low_df
matter,low_df
neighbourhood,low_df
participated,low_df
licence,low_df
prod,low_df
clepr,low_df
dev,low_df
rzeszów,low_df
poland,low_df
newzoo,low_df
christopher,low_df
epic,low_df
calling,low_df
atmosphere,low_df
impatience,low_df
menu,low_df
coffee,low_df
running,low_df
equipment,low_df
rating,low_df
singleitem,low_df
pca,low_df
kmo,low_df
bartlett,low_df
studentów,low_df
una,low_df
обучения,low_df
студентов,low_df
развития,low_df
также,low_df
engagement,low_tfidf
knowledge,low_tfidf
student,low_tfidf
action,low_tfidf
participant,low_tfidf
educational,low_tfidf
environment,low_tfidf
outcome,low_tfidf
goal,low_tfidf
gamebased,low_tfidf
group,low_tfidf
climate,low_tfidf
technology,low_tfidf
use,low_tfidf
attitude,low_tfidf
potential,low_tfidf
element,low_tfidf
role,low_tfidf
simulation,low_tfidf
awareness,low_tfidf
work,low_tfidf
practice,low_tfidf
individual,low_tfidf
information,low_tfidf
virtual,low_tfidf
decision,low_tfidf
gamified,low_tfidf
influence,low_tfidf
complex,low_tfidf
one,low_tfidf
thinking,low_tfidf
question,low_tfidf
time,low_tfidf
business,low_tfidf
perspective,low_tfidf
significant,low_tfidf
higher,low_tfidf
systematic,low_tfidf
related,low_tfidf
specific,low_tfidf
collaborative,low_tfidf
intention,low_tfidf
skill,low_tfidf
computer,low_tfidf
effective,low_tfidf
resource,low_tfidf
concept,low_tfidf
longterm,low_tfidf
feedback,low_tfidf
consumption,low_tfidf
building,low_tfidf
promote,low_tfidf
theory,low_tfidf
provide,low_tfidf
engage,low_tfidf
could,low_tfidf
feature,low_tfidf
play,low_tfidf
control,low_tfidf
insight,low_tfidf
researcher,low_tfidf
like,low_tfidf
experimental,low_tfidf
found,low_tfidf
various,low_tfidf
support,low_tfidf
often,low_tfidf
three,low_tfidf
develop,low_tfidf
among,low_tfidf
survey,low_tfidf
meaningful,low_tfidf
hamari,low_tfidf
offer,low_tfidf
critical,low_tfidf
evaluation,low_tfidf
address,low_tfidf
two,low_tfidf
mechanic,low_tfidf
city,low_tfidf
realworld,low_tfidf
towards,low_tfidf
opportunity,low_tfidf
diverse,low_tfidf
aim,low_tfidf
show,low_tfidf
objective,low_tfidf
activity,low_tfidf
understand,low_tfidf
engaging,low_tfidf
httpsdoiorgs,low_tfidf
interactive,low_tfidf
community,low_tfidf
aspect,low_tfidf
help,low_tfidf
promoting,low_tfidf
increase,low_tfidf
point,low_tfidf
make,low_tfidf
life,low_tfidf
collaboration,low_tfidf
real,low_tfidf
implementation,low_tfidf
solution,low_tfidf
type,low_tfidf
nature,low_tfidf
high,low_tfidf
proenvironmental,low_tfidf
engineering,low_tfidf
human,low_tfidf
production,low_tfidf
others,low_tfidf
limited,low_tfidf
empirical,low_tfidf
conducted,low_tfidf
limitation,low_tfidf
designed,low_tfidf
world,low_tfidf
source,low_tfidf
foster,low_tfidf
made,low_tfidf
health,low_tfidf
proceeding,low_tfidf
ability,low_tfidf
explore,low_tfidf
problem,low_tfidf
mechanism,low_tfidf
theoretical,low_tfidf
addressing,low_tfidf
particularly,low_tfidf
contribute,low_tfidf
dynamic,low_tfidf
content,low_tfidf
reality,low_tfidf
way,low_tfidf
create,low_tfidf
term,low_tfidf
immersive,low_tfidf
providing,low_tfidf
quantitative,low_tfidf
theme,low_tfidf
conservation,low_tfidf
interest,low_tfidf
waste,low_tfidf
gain,low_tfidf
current,low_tfidf
beyond,low_tfidf
many,low_tfidf
choice,low_tfidf
played,low_tfidf
performance,low_tfidf
identify,low_tfidf
following,low_tfidf
importance,low_tfidf
global,low_tfidf
developing,low_tfidf
first,low_tfidf
elearning,low_tfidf
participation,low_tfidf
must,low_tfidf
multiple,low_tfidf
regarding,low_tfidf
toward,low_tfidf
including,low_tfidf
effort,low_tfidf
narrative,low_tfidf
target,low_tfidf
set,low_tfidf
power,low_tfidf
setting,low_tfidf
balance,low_tfidf
making,low_tfidf
traditional,low_tfidf
broader,low_tfidf
emerging,low_tfidf
school,low_tfidf
developed,low_tfidf
positive,low_tfidf
ensure,low_tfidf
assessment,low_tfidf
supporting,low_tfidf
communication,low_tfidf
innovation,low_tfidf
primary,low_tfidf
relationship,low_tfidf
active,low_tfidf
several,low_tfidf
contribution,low_tfidf
form,low_tfidf
video,low_tfidf
growing,low_tfidf
mobile,low_tfidf
lack,low_tfidf
well,low_tfidf
principle,low_tfidf
similar,low_tfidf
even,low_tfidf
present,low_tfidf
academic,low_tfidf
consequence,low_tfidf
consideration,low_tfidf
encourage,low_tfidf
experiment,low_tfidf
emotional,low_tfidf
mixed,low_tfidf
gameful,low_tfidf
possible,low_tfidf
effectively,low_tfidf
existing,low_tfidf
improvement,low_tfidf
planning,low_tfidf
innovative,low_tfidf
strategic,low_tfidf
achieve,low_tfidf
medium,low_tfidf
despite,low_tfidf
society,low_tfidf
integrating,low_tfidf
concern,low_tfidf
highlight,low_tfidf
increased,low_tfidf
evidence,low_tfidf
overall,low_tfidf
sense,low_tfidf
reported,low_tfidf
psychology,low_tfidf
face,low_tfidf
task,low_tfidf
doe,low_tfidf
quality,low_tfidf
increasing,low_tfidf
moreover,low_tfidf
emerged,low_tfidf
addressed,low_tfidf
con,low_tfidf
green,low_tfidf
think,low_tfidf
team,low_tfidf
another,low_tfidf
encouraging,low_tfidf
relation,low_tfidf
marketing,low_tfidf
feel,low_tfidf
educator,low_tfidf
successful,low_tfidf
examining,low_tfidf
phase,low_tfidf
search,low_tfidf
progress,low_tfidf
ing,low_tfidf
deeper,low_tfidf
facilitate,low_tfidf
distinct,low_tfidf
economy,low_tfidf
reflection,low_tfidf
applying,low_tfidf
part,low_tfidf
cleaner,low_tfidf
whether,low_tfidf
act,low_tfidf
organization,low_tfidf
direction,low_tfidf
emphasizing,low_tfidf
purpose,low_tfidf
capacity,low_tfidf
significantly,low_tfidf
rather,low_tfidf
provides,low_tfidf
employed,low_tfidf
given,low_tfidf
addition,low_tfidf
ecological,low_tfidf
enabling,low_tfidf
structured,low_tfidf
structure,low_tfidf
include,low_tfidf
challenging,low_tfidf
achieving,low_tfidf
attention,low_tfidf
navigate,low_tfidf
interdisciplinary,low_tfidf
lead,low_tfidf
risk,low_tfidf
ieee,low_tfidf
mean,low_tfidf
score,low_tfidf
much,low_tfidf
keywords,low_tfidf
stanitsas,low_tfidf
common,low_tfidf
promising,low_tfidf
improve,low_tfidf
natural,low_tfidf
recent,low_tfidf
actionable,low_tfidf
pedagogy,low_tfidf
guiding,low_tfidf
thematic,low_tfidf
main,low_tfidf
shared,low_tfidf
benefit,low_tfidf
period,low_tfidf
affect,low_tfidf
take,low_tfidf
responsible,low_tfidf
implication,low_tfidf
implementing,low_tfidf
taking,low_tfidf
transition,low_tfidf
according,low_tfidf
still,low_tfidf
necessary,low_tfidf
generation,low_tfidf
specifically,low_tfidf
tan,low_tfidf
inclusion,low_tfidf
selected,low_tfidf
investigation,low_tfidf
advance,low_tfidf
mentioned,low_tfidf
additionally,low_tfidf
allowing,low_tfidf
problemsolving,low_tfidf
without,low_tfidf
personal,low_tfidf
initiative,low_tfidf
together,low_tfidf
scale,low_tfidf
european,low_tfidf
connection,low_tfidf
citizen,low_tfidf
valuable,low_tfidf
interconnected,low_tfidf
low,low_tfidf
brauer,low_tfidf
general,low_tfidf
step,low_tfidf
adaptive,low_tfidf
proposed,low_tfidf
identifying,low_tfidf
confidence,low_tfidf
guideline,low_tfidf
criterion,low_tfidf
discussed,low_tfidf
characteristic,low_tfidf
similarly,low_tfidf
roleplaying,low_tfidf
realtime,low_tfidf
liu,low_tfidf
response,low_tfidf
alternative,low_tfidf
product,low_tfidf
recycling,low_tfidf
success,low_tfidf
integrated,low_tfidf
frequently,low_tfidf
motivate,low_tfidf
around,low_tfidf
policy,low_tfidf
definition,low_tfidf
evaluating,low_tfidf
analyze,low_tfidf
view,low_tfidf
explores,low_tfidf
foundation,low_tfidf
distribution,low_tfidf
scientific,low_tfidf
mental,low_tfidf
ment,low_tfidf
program,low_tfidf
initial,low_tfidf
allowed,low_tfidf
cooperation,low_tfidf
agenda,low_tfidf
along,low_tfidf
build,low_tfidf
consider,low_tfidf
helping,low_tfidf
involved,low_tfidf
incorporate,low_tfidf
actively,low_tfidf
age,low_tfidf
reference,low_tfidf
analyzing,low_tfidf
applied,low_tfidf
eco,low_tfidf
reward,low_tfidf
feeling,low_tfidf
serve,low_tfidf
needed,low_tfidf
reduction,low_tfidf
condition,low_tfidf
integrate,low_tfidf
compared,low_tfidf
format,low_tfidf
douglas,low_tfidf
explored,low_tfidf
aimed,low_tfidf
idea,low_tfidf
shift,low_tfidf
longitudinal,low_tfidf
ity,low_tfidf
established,low_tfidf
noted,low_tfidf
population,low_tfidf
assessed,low_tfidf
efficiency,low_tfidf
analyzed,low_tfidf
holistic,low_tfidf
list,low_tfidf
since,low_tfidf
combine,low_tfidf
constraint,low_tfidf
allows,low_tfidf
emphasis,low_tfidf
societal,low_tfidf
child,low_tfidf
young,low_tfidf
long,low_tfidf
map,low_tfidf
comparison,low_tfidf
strong,low_tfidf
find,low_tfidf
motivating,low_tfidf
gender,low_tfidf
mulcahy,low_tfidf
governance,low_tfidf
landscape,low_tfidf
reveal,low_tfidf
hallinger,low_tfidf
creative,low_tfidf
body,low_tfidf
efficacy,low_tfidf
leverage,low_tfidf
previous,low_tfidf
category,low_tfidf
demand,low_tfidf
collection,low_tfidf
note,low_tfidf
den,low_tfidf
practitioner,low_tfidf
share,low_tfidf
descriptive,low_tfidf
simulate,low_tfidf
central,low_tfidf
simulated,low_tfidf
variable,low_tfidf
discus,low_tfidf
material,low_tfidf
immediate,low_tfidf
considering,low_tfidf
negative,low_tfidf
meet,low_tfidf
description,low_tfidf
suggest,low_tfidf
facilitating,low_tfidf
secondly,low_tfidf
ownership,low_tfidf
computing,low_tfidf
service,low_tfidf
farm,low_tfidf
lasting,low_tfidf
united,low_tfidf
defined,low_tfidf
presented,low_tfidf
fully,low_tfidf
measuring,low_tfidf
forward,low_tfidf
persuasive,low_tfidf
intrinsic,low_tfidf
treatment,low_tfidf
reliability,low_tfidf
software,low_tfidf
training,low_tfidf
visualization,low_tfidf
end,low_tfidf
location,low_tfidf
market,low_tfidf
creating,low_tfidf
interconnectedness,low_tfidf
wals,low_tfidf
aware,low_tfidf
guide,low_tfidf
emphasized,low_tfidf
reflects,low_tfidf
recognition,low_tfidf
able,low_tfidf
due,low_tfidf
incorporating,low_tfidf
robust,low_tfidf
relevant,low_tfidf
recommended,low_tfidf
total,low_tfidf
paradigm,low_tfidf
accessibility,low_tfidf
assessing,low_tfidf
teach,low_tfidf
give,low_tfidf
fun,low_tfidf
ingame,low_tfidf
pollution,low_tfidf
raise,low_tfidf
educate,low_tfidf
reduce,low_tfidf
shortterm,low_tfidf
account,low_tfidf
actual,low_tfidf
prompt,low_tfidf
depends,low_tfidf
style,low_tfidf
emphasize,low_tfidf
primarily,low_tfidf
improving,low_tfidf
firstly,low_tfidf
desire,low_tfidf
position,low_tfidf
methodological,low_tfidf
lee,low_tfidf
advanced,low_tfidf
participatory,low_tfidf
nation,low_tfidf
creativity,low_tfidf
report,low_tfidf
matrix,low_tfidf
forest,low_tfidf
included,low_tfidf
dialogue,low_tfidf
exploratory,low_tfidf
achieved,low_tfidf
third,low_tfidf
advancing,low_tfidf
loss,low_tfidf
cost,low_tfidf
unpredictability,low_tfidf
collected,low_tfidf
positively,low_tfidf
yang,low_tfidf
selecting,low_tfidf
moderate,low_tfidf
something,low_tfidf
competition,low_tfidf
received,low_tfidf
allow,low_tfidf
associated,low_tfidf
barrier,low_tfidf
unique,low_tfidf
additional,low_tfidf
prisma,low_tfidf
ensuring,low_tfidf
database,low_tfidf
oliveira,low_tfidf
light,low_tfidf
summary,low_tfidf
galeote,low_tfidf
requiring,low_tfidf
contributes,low_tfidf
illustrates,low_tfidf
growth,low_tfidf
observed,low_tfidf
reflecting,low_tfidf
furthermore,low_tfidf
validation,low_tfidf
analysed,low_tfidf
preference,low_tfidf
pro,low_tfidf
realistic,low_tfidf
adapting,low_tfidf
range,low_tfidf
modeling,low_tfidf
relevance,low_tfidf
receive,low_tfidf
usage,low_tfidf
scarcity,low_tfidf
ecosystem,low_tfidf
adaptation,low_tfidf
lens,low_tfidf
transportation,low_tfidf
driving,low_tfidf
modelling,low_tfidf
situation,low_tfidf
bias,low_tfidf
small,low_tfidf
inclusive,low_tfidf
reporting,low_tfidf
stimulate,low_tfidf
httpsdoiorgjjclepro,low_tfidf
let,low_tfidf
exclusion,low_tfidf
appropriate,low_tfidf
changing,low_tfidf
defining,low_tfidf
badge,low_tfidf
come,low_tfidf
connected,low_tfidf
remain,low_tfidf
keyword,low_tfidf
involvement,low_tfidf
shape,low_tfidf
extent,low_tfidf
answer,low_tfidf
ryan,low_tfidf
certain,low_tfidf
stem,low_tfidf
performed,low_tfidf
hence,low_tfidf
requirement,low_tfidf
measured,low_tfidf
explain,low_tfidf
variety,low_tfidf
code,low_tfidf
whittaker,low_tfidf
link,low_tfidf
full,low_tfidf
sousa,low_tfidf
systemic,low_tfidf
manuscript,low_tfidf
von,low_tfidf
discourse,low_tfidf
cover,low_tfidf
underscore,low_tfidf
critically,low_tfidf
local,low_tfidf
empower,low_tfidf
aligning,low_tfidf
involve,low_tfidf
autonomy,low_tfidf
tackle,low_tfidf
tainable,low_tfidf
offering,low_tfidf
indepth,low_tfidf
consistent,low_tfidf
scopus,low_tfidf
language,low_tfidf
capture,low_tfidf
introduced,low_tfidf
subject,low_tfidf
multifaceted,low_tfidf
conducting,low_tfidf
upon,low_tfidf
mirror,low_tfidf
technological,low_tfidf
encouraged,low_tfidf
fundamental,low_tfidf
urgency,low_tfidf
responsibility,low_tfidf
safety,low_tfidf
interact,low_tfidf
lie,low_tfidf
improved,low_tfidf
includes,low_tfidf
energysaving,low_tfidf
technical,low_tfidf
ecofriendly,low_tfidf
mining,low_tfidf
engaged,low_tfidf
single,low_tfidf
planet,low_tfidf
per,low_tfidf
literacy,low_tfidf
undergraduate,low_tfidf
netherlands,low_tfidf
association,low_tfidf
right,low_tfidf
visible,low_tfidf
order,low_tfidf
past,low_tfidf
deterding,low_tfidf
culture,low_tfidf
powerful,low_tfidf
involves,low_tfidf
pinedamartínez,low_tfidf
possibility,low_tfidf
coding,low_tfidf
indicate,low_tfidf
scurati,low_tfidf
closely,low_tfidf
secondary,low_tfidf
longer,low_tfidf
experienced,low_tfidf
discovery,low_tfidf
exercise,low_tfidf
though,low_tfidf
habit,low_tfidf
meaning,low_tfidf
competing,low_tfidf
achievement,low_tfidf
empowerment,low_tfidf
gaining,low_tfidf
prof,low_tfidf
acm,low_tfidf
russellbennett,low_tfidf
economics,low_tfidf
october,low_tfidf
highlighting,low_tfidf
implement,low_tfidf
evaluated,low_tfidf
highlighted,low_tfidf
financial,low_tfidf
broad,low_tfidf
adopt,low_tfidf
conceptualization,low_tfidf
taken,low_tfidf
exposure,low_tfidf
informed,low_tfidf
chal,low_tfidf
lenges,low_tfidf
sustainabilityrelated,low_tfidf
entertainment,low_tfidf
comprehension,low_tfidf
decade,low_tfidf
faculty,low_tfidf
depth,low_tfidf
moher,low_tfidf
follows,low_tfidf
followed,low_tfidf
clarke,low_tfidf
detailed,low_tfidf
emphasizes,low_tfidf
developer,low_tfidf
delve,low_tfidf
conversely,low_tfidf
emerges,low_tfidf
relatively,low_tfidf
substantial,low_tfidf
evolution,low_tfidf
expanding,low_tfidf
boundary,low_tfidf
contrast,low_tfidf
smaller,low_tfidf
aiming,low_tfidf
reflected,low_tfidf
inter,low_tfidf
promotes,low_tfidf
line,low_tfidf
showcasing,low_tfidf
multiplayer,low_tfidf
competitive,low_tfidf
visual,low_tfidf
session,low_tfidf
simple,low_tfidf
highly,low_tfidf
tradeoff,low_tfidf
immediately,low_tfidf
managing,low_tfidf
supply,low_tfidf
reducing,low_tfidf
throughout,low_tfidf
explicitly,low_tfidf
experimentation,low_tfidf
seek,low_tfidf
inspire,low_tfidf
drawing,low_tfidf
constructive,low_tfidf
statement,low_tfidf
department,low_tfidf
numerous,low_tfidf
del,low_tfidf
american,low_tfidf
collaboratively,low_tfidf
opinion,low_tfidf
deep,low_tfidf
distance,low_tfidf
experi,low_tfidf
mode,low_tfidf
preferred,low_tfidf
playful,low_tfidf
ouariachi,low_tfidf
publishing,low_tfidf
kirytopoulos,low_tfidf
vareilles,low_tfidf
cooperative,low_tfidf
represents,low_tfidf
especially,low_tfidf
classroom,low_tfidf
potentially,low_tfidf
transforming,low_tfidf
normative,low_tfidf
translate,low_tfidf
linked,low_tfidf
difficulty,low_tfidf
maintaining,low_tfidf
becoming,low_tfidf
reflect,low_tfidf
major,low_tfidf
foundational,low_tfidf
institution,low_tfidf
monteiro,low_tfidf
demographic,low_tfidf
underexplored,low_tfidf
deci,low_tfidf
become,low_tfidf
purchase,low_tfidf
stronger,low_tfidf
cham,low_tfidf
york,low_tfidf
thought,low_tfidf
psychologist,low_tfidf
handbook,low_tfidf
created,low_tfidf
enabled,low_tfidf
size,low_tfidf
designer,low_tfidf
frequency,low_tfidf
lower,low_tfidf
history,low_tfidf
accepted,low_tfidf
rising,low_tfidf
educating,low_tfidf
web,low_tfidf
card,low_tfidf
multidimensional,low_tfidf
complement,low_tfidf
perceive,low_tfidf
align,low_tfidf
member,low_tfidf
conduct,low_tfidf
simulationbased,low_tfidf
widely,low_tfidf
characterized,low_tfidf
led,low_tfidf
suitable,low_tfidf
procedure,low_tfidf
analytical,low_tfidf
strategically,low_tfidf
combination,low_tfidf
maintain,low_tfidf
carefully,low_tfidf
entire,low_tfidf
extracted,low_tfidf
establish,low_tfidf
tailored,low_tfidf
indicating,low_tfidf
becomes,low_tfidf
rate,low_tfidf
observation,low_tfidf
rigor,low_tfidf
selfefficacy,low_tfidf
planned,low_tfidf
rule,low_tfidf
determining,low_tfidf
manage,low_tfidf
balancing,low_tfidf
dynamically,low_tfidf
move,low_tfidf
waterrelated,low_tfidf
marine,low_tfidf
biodiversity,low_tfidf
disposal,low_tfidf
everyday,low_tfidf
resilience,low_tfidf
wellbeing,low_tfidf
diversity,low_tfidf
navigating,low_tfidf
enables,low_tfidf
solving,low_tfidf
transfer,low_tfidf
unlike,low_tfidf
lay,low_tfidf
creation,low_tfidf
scope,low_tfidf
alongside,low_tfidf
funding,low_tfidf
supported,low_tfidf
rise,low_tfidf
fit,low_tfidf
spectrum,low_tfidf
discipline,low_tfidf
internet,low_tfidf
living,low_tfidf
paul,low_tfidf
define,low_tfidf
khan,low_tfidf
interface,low_tfidf
interplay,low_tfidf
electronic,low_tfidf
december,low_tfidf
corresponding,low_tfidf
facilitation,low_tfidf
etc,low_tfidf
strength,low_tfidf
versus,low_tfidf
final,low_tfidf
illustrated,low_tfidf
character,low_tfidf
previously,low_tfidf
trying,low_tfidf
behav,low_tfidf
nacke,low_tfidf
september,low_tfidf
envisioning,low_tfidf
sometimes,low_tfidf
wide,low_tfidf
yet,low_tfidf
adoption,low_tfidf
combining,low_tfidf
base,low_tfidf
considered,low_tfidf
done,low_tfidf
respectively,low_tfidf
aligns,low_tfidf
pointing,low_tfidf
moving,low_tfidf
categorized,low_tfidf
plan,low_tfidf
difficult,low_tfidf
collaborate,low_tfidf
know,low_tfidf
alone,low_tfidf
overcome,low_tfidf
encompassing,low_tfidf
answering,low_tfidf
filho,low_tfidf
silva,low_tfidf
usa,low_tfidf
mindtrek,low_tfidf
selfdetermination,low_tfidf
company,low_tfidf
interpret,low_tfidf
regard,low_tfidf
subjective,low_tfidf
representing,low_tfidf
enable,low_tfidf
influencing,low_tfidf
complete,low_tfidf
estimate,low_tfidf
top,low_tfidf
built,low_tfidf
story,low_tfidf
finally,low_tfidf
finland,low_tfidf
identifies,low_tfidf
carvalho,low_tfidf
currently,low_tfidf
revised,low_tfidf
shaping,low_tfidf
law,low_tfidf
shaped,low_tfidf
place,low_tfidf
simultaneously,low_tfidf
motivates,low_tfidf
popularity,low_tfidf
professional,low_tfidf
direct,low_tfidf
subsequent,low_tfidf
adopted,low_tfidf
incorporated,low_tfidf
word,low_tfidf
english,low_tfidf
systematically,low_tfidf
fulltext,low_tfidf
chart,low_tfidf
thereby,low_tfidf
collectively,low_tfidf
annual,low_tfidf
validate,low_tfidf
orientation,low_tfidf
ranging,low_tfidf
concerning,low_tfidf
version,low_tfidf
visually,low_tfidf
quiz,low_tfidf
controlled,low_tfidf
peer,low_tfidf
solve,low_tfidf
known,low_tfidf
short,low_tfidf
informal,low_tfidf
daily,low_tfidf
option,low_tfidf
sustainably,low_tfidf
emerge,low_tfidf
described,low_tfidf
utilizing,low_tfidf
independently,low_tfidf
apply,low_tfidf
sustainabilityfocused,low_tfidf
teamwork,low_tfidf
loop,low_tfidf
correct,low_tfidf
gamers,low_tfidf
tions,low_tfidf
inquiry,low_tfidf
bridge,low_tfidf
leadership,low_tfidf
evidencebased,low_tfidf
attractive,low_tfidf
spatial,low_tfidf
anthropocene,low_tfidf
prevent,low_tfidf
chatpinyakoop,low_tfidf
limit,low_tfidf
huber,low_tfidf
grade,low_tfidf
agriculture,low_tfidf
integrative,low_tfidf
win,low_tfidf
germany,low_tfidf
relate,low_tfidf
likely,low_tfidf
large,low_tfidf
either,low_tfidf
mission,low_tfidf
completion,low_tfidf
targeting,low_tfidf
editing,low_tfidf
flow,low_tfidf
immersion,low_tfidf
dixon,low_tfidf
khaled,low_tfidf
informing,low_tfidf
motivator,low_tfidf
obstacle,low_tfidf
vary,low_tfidf
gamelike,low_tfidf
scholar,low_tfidf
mastery,low_tfidf
resulting,low_tfidf
ongoing,low_tfidf
drawn,low_tfidf
representation,low_tfidf
embedding,low_tfidf
formation,low_tfidf
persistent,low_tfidf
uncertain,low_tfidf
justice,low_tfidf
institutional,low_tfidf
reduced,low_tfidf
equity,low_tfidf
priority,low_tfidf
wider,low_tfidf
progression,low_tfidf
fact,low_tfidf
negatively,low_tfidf
hoffmann,low_tfidf
significance,low_tfidf
triggered,low_tfidf
affected,low_tfidf
book,low_tfidf
matching,low_tfidf
tree,low_tfidf
useful,low_tfidf
serf,low_tfidf
assumption,low_tfidf
placed,low_tfidf
particular,low_tfidf
average,low_tfidf
displayed,low_tfidf
larger,low_tfidf
text,low_tfidf
monitoring,low_tfidf
interpretation,low_tfidf
